<?xml version="1.0" encoding="utf-8"?>
<resources>
    <string name="app_name">Google I/O 2014</string>
    <string name="action_settings">Settings</string>

    <string name="lorem">Lorem ipsum dolor sit amet, consectetur adipiscing elit. Integer eget interdum ante, at adipiscing ipsum. Phasellus pellentesque commodo libero, id volutpat ipsum pretium at. Duis sit amet egestas nisi. Donec id dui eu lectus volutpat posuere. Nunc et viverra ante, vel malesuada tortor. Pellentesque ut interdum tellus, sit amet hendrerit dui. Sed accumsan, nisl eu tincidunt tempus, neque lorem sodales odio, non tristique orci lorem quis augue. In sodales rutrum faucibus. Morbi egestas massa sit amet ante pellentesque, eu laoreet ante congue. Sed aliquet, dolor ac placerat pellentesque, risus leo fermentum quam, eget eleifend tellus nulla euismod tellus. Donec adipiscing cursus leo et faucibus. Aliquam erat volutpat.</string>

    <string name="info_button_description">Show photo information</string>
    <string name="star_button_description">Fave this photo</string>
    <string name="photo_description">Photo</string>
</resources>
